int1,atggcaagctatgaccaaatcgctaaaaacaactggcgttaccgtatttcacttggtaagaatcctaccacaggaaaatatgaatacatatctaaaactggatttaaacgaaaatcagatgctaaacatcaagctgaaatgattgagcgtcaattacgtactggtgaatatatagccccgtctacatctacattcaaacaagtagctgatgattggattaagcagtatgcaaatgatgtgaaagtaagcagtgtcagagcacgtgagaaagccatacagcactccatagaacgctttgatactaaaccaatacaaactatcaagaaacatgattatcagcgttttgtggacgatatgagcacacagtatagtaagaattatgttgatagtattgtcgcctctacaaatatgatatttaagtatgcacatgatataaaattaataaaaacattaccaagtgagggtattaaacgacctaaaaagaaagtaagtgtggaagaattagaggatagtaagatacataaaaaatttcttgaaaaagacgagttatttcaattcctggaggttgctaaaaatcaccattcaccacaaaatagctttgaagtatttaccactttagcatatactggcatgcgtgcaggcgagttgttagcgctaaaatggtctgatatagactttgagaacaacacaattagcattactaagacttattacaatccgaataataataaaaagcattatcagatacttacacctaaaactgaaagctctatcggtaaaatctcagtcgatccccatgtgattcaattactcaaagattataaggcaaacgtccaggacacatggaaaaatgaactttatgtagataataattttgtgtttactgatgtgaatggctatccacttgtgattaaaaagctgcaattatggataaaagctatacttaaaaagactgacataaccaataaacaaataagcacgcactcattccgtcacacacattgtgcgttactgattgaagcaggtgtacatatcaaagaaatacaagaaagactacgccacaaagatataaataccacaatgaacatctacgctaaaatcacaaattcatataaaaaagacgcttcccaaaagtttagtaaactcatggaaaacgtcagcaaagaattattttag
int2,ATGTGGGTTCGTGAAATCACTAAAAACAAAAGTACGGCCTATCGCTATTTAGAGCGCTATACAGACCCTTTAACTGGCAAGTATAAAACAGTATCAGTTACACGTAACAAGAATAATGTACGTAGCCAAAAGGACGCTCAATTAGAATTAAATAAAATAATTGAGCAACGTTTGAAACATAACAGTACGAAACAACTTGAAAACTTAACGTTCCATGATGCGTGCGATGAATGGTTAGAACATTACAAGACACATTCAGGTTCAAAACCAACCACTATTAAAGAAAAGAAAAGTAATGCTAATACAGTCAAAAATGCTATTGATAGCAAAGTACTCATCAGCAAGATTACGCACACCTACTTACAAAACATCATTAATGAATGGGCTAAATCACATAGTATTGGCCATGTTCAATCTCTTGTTATTGTTATTCGTTCCGTTTTCAAATATGCGTTTAAATATTATGATCTGCACGATATTAGTGTGTTAGATAAAATAGATATACCCAAGAAAGCCCAAACCAGAAACGAACTTCAAGCTAAACGTAATAACTATTTAGAAGATAGCGAAGTAAAGGAGTTACTAGAGTGCTTCGACTATCTAATTAAACATAAGCGTCATGCTACGCGTAAACGAAACTATGAAATGGTTAAAGCATTAGTAGAGTTCCAAATTAACAATGGAATGCGCATTGGCGAACTCCTAGCAATCAAGACAGACAATGTAGACGTGGAGAATAAAACACTAGAGATTGATGGCACAATTAACTGGGTTACCGATGTAGAAACTGGAGCATTTGGAGTGAAAGAAACGACTAAGACGAGTAAGAGTTATCGAACAATAGGCCTCACAACTCAAAGTATTAATTTACTCAAAAAACTTATGCTAGAAAATAAAAAAGAGAATCAGTGGAATGATAAATTTACAGATAGGGGTTATATATTTACTAACACTGCTGGTAGCCCTATTGACTTAAATAAGGTGAATAATATTATTAAAGAAGCAACAGATATAAGTTCAATTAACAAACGTGTGACAACGCACACATTACGTCATACACATATATCTACACTTGCTCAGTTAGGAATAAATCTAAAAGCGATACAAGATAGAGTTGGTCACAGTGATTATAAAACAACTTTAGAGATATACACCCATGTTACTGATCAGATGGCTAAAGATATGATGAATAAACTAGAAAATATAAGCAGTTAA
int3,atgattaaaaaatatacaaaaaaagatggttcaactgcttatatgtttgttgcatatcttggcattgatccaatcactcgtaagcagaagcggacaacaagaagaggctttaaaacagaaagagaggccaaacttgcggaggctaagctgcaaacagaagtacaagctaacggctttttaaacaatgaaataacaacgtttaagcaagtgtatgacctttggctggaacaatataaacataccgttagggaaagcacctatcagcgtgtagttactttatttaacactgcaatattagaacactttaataatgtatctataaaatctattactattccctactgtcaaagagttattaataagtggaacgataaatacaaagatatgaaagctattagaatatatacatcaaacgtctttgaatatgatgttaatttaaaaattataaccgaaaacccatttaaacacacaaagcaaccacgtaaaaaggaaacaccacaagaagattcttacgtttattactctagggacgaattacagacgtttctcagctttgttgaaggtaacctagtggattatgctatttttagaacattagcattcacaggctttagaagaggcgaattaatggcgttaacttggaacgatattaatttcgagaagaaaaccattactattaataaaacatgtgcaagaggtaataactacaaacctattattcaacctcctaaaactaaatcctcatacagaacaataagtgttgatgataagacgttaagcatactgaaacaatggaaagtacaacaacgtacagagtcattgaaattcggtcacaacgccttaaaaaaagatcaatttgtttttactaatgtgtcaacaaataaacgcttatacccagaatactgtaataaagtgttagctaatgtttgcaagaaacataattttaaacaaattaaactacacggttttagacatgtgcattgttctttactttttgaggctggtctaactattcaagaagttcaagacagattaggtcacggtgatattaaaacaactatggatatatacgcacatgttactgaaaaacaacgtgatcaagtagctgaaaaattcgcaaattatatcaatttttaa
int4,atgatggacgaattagagggagtcggacagcttaatagattaccttttgacaagctcgttgaagaatatatagactggtattcagcgcgtagaaaaacatcaagtgtaaaagcattaaaaacacatacaaataaccatttgctaccttattttaaatctatagatgtatttaaaatgactacacaagatgtgatgaaatttcagaataagaagttaaaagaggggtattctggagactacttaaagaagatgcatgtatatttagtatcattactgaatcatgcaatgaagtttcatgaattaaaacaaaatgttgcatctcttgtagggaattttgaaatagaatcacagaaacgattgaattattggacgttagaacaattcaatcaattttatggtgcgctagtgacacaacaacaaaagttattctttaaactattgttctactctggagcaagaaagggcgaaattagggctctcacatggcgtgacgttaattttgaagatgaatttatccatataaacaaaacggactatcacggtgaagtgacagcccctaaaacgaaatcagccatacgtgatatatatttgcctactcacatgatggatgacatcaaagattatttaatttggtataaagagaataacatatataaagatgattacgtattatttggtacattctttaagacttatagtgagtcaaccattgatcgttggtttaccactgcattaaaagtattagacgaccaacttccagacggtcagacattccctagaattgttatacacgagttaagacatagccatgcctctatgcttgtaaatcacggcgctagtattatggtaatagctcaaaggctaggacatgctgatagcaatgaagtatacaacagatatggacatttataccctagtactcaaaaagaaatagttaaatatttgtaa
int5,atgtggtttgaaaaatttaaaaataagaataaagaaactaaatatagatattacgagaagtacaaagacccactcacaaacaaatggcgacgtgttagtgtggttcttaataagaatggtaagcaatcacaaaaagaagctcaaaggctcttaaatgagcgtatagaagcaaaactgaatgataagacacctactacacttaagtcactaacttttcatgctgcaagtgatgagtggtttcagaactatatcaaaacgtctgggtcaaaaagaacgactattaaaactaaattgagtaagctaaacactttgaagaaatttgtagatgaagatattttaatcaataaaataacactttcatatgcgcaacaagttttcgatgaaatggatagtaaaggttatgtatatcaagttaacaaagatgcgttaagcatattcaaaaatgtatttgaatacaccagacgcatctataaactgcaagatttagaatttttaaaagatataacgttaaataaaagaattaagtcttatgatgaagtgaaagctaaacgtaataaatacctcgaattaaatgaaatacaatctatcatcaaagatattaatatgaaggctcagaaaatgcactcaggtatccataaacggttttatttattcgttgcactcatgaccgaatttcaagccttaaatggtatgcgtattggtgaaatgttagccattcaaaatgaagatatagactttgataataagagtttaaatattaacggaacaatccattggtttcacgatgaatctggtggattcggtgtaaaagataccactaaaacagagtctagttatagaacaattggattgagtagcagaagttgcgagatattaaagaaagcaatactggagaacaaaaaggattcaaaatggaatgatggatatctaaatagaaattttgtatttactaatcataaaggtaacccaatgcagactgaaagattcaataaaatccttagggaagcagctaaagatgttggtattgataaagaagtttcttcacatatattaagacatagccacatatcattactctctcaacaaggcgtgtcacttaaagctattatggatcgtgtaggccattccgaccaccgtacaacgctttccatttattctcacgttactgaacagatggataaggatatgatgaacaaacttgaacagttaaaacttggataa
int6,atggcaagttatgaaaaacgcggaaatacatggcgctatcgtatatcactaggaaaagacgcagaaacgggcaaatataaatatatttcaaactcaggttttaaacgcaaatcagacgctaaacatcacgctgaaatggttgagcgtcagttaagaaatggcgattatatcgcaccgtccacatctacatttaaacaggttgctgacgattggatatcacaatatgctaacgaagtaaaagtaagtagtgtcagagcacgcgagaaagccataaaccacgccatagaacgctttaacaataaaccaatacaaactatcaataaacatgaatatcaacgttttgtaaacgatataagcgcacagtatagcaagaattatgttgatagcattatagcctctacaaatatgatatttaagtacgcatacgatatgaaattaataagaataatgcctagcgagggtattaaacgacctaaaaagaaaattagtgtggaagaattagaagatactgagatacataaaaagtttcttgaaaaagatgaattatttcaattcctggaggttgctaaaaatcaccattcaccccaaaacagctttgaggtgttttgtacattagcatatacaggcatgcgtgcaggtgaattattggcattgaaatggtctgatatagactttgagaataacacaatcaatattacaaagacttattacaatccgaataacaataaaaagcaatttcaaatacttacaccaaaaactgaaagctcaatcggaaaaatttcagtggatcctcatgtgattaaattacttaaaaattataaaaccgacgtgcaggacacatggaaaaacgaattgtatgtagataataatttcgtttttactgatgttaacggctaccctcttgtaattaaaaaactacaattatggataaaagctatacttaaaaagactgacataactaataaacaaataagcactcattcatttcgtcatactcattgtgcgttacttatagaggctggtgtgcatattaaggaaatacaagaacgcttgcgccataaagatataaataccactatgaacatctacgctaagattacgaactcatacaaaaaagacgcttctcaaaagtttagtaaactcatggaaaacgtctcaaaagatttattttaa
int7,gtggcatacattgaaaagcgaggtaaaacatggagatattcaatctcatatgtagatgatgaaggcaaccgtaaaaaggttcaaaaaggtggttatcgtactaaacaagaagctaaacgaattgcagaagatttagagtataaaatgagaaatggttatgctgtaagtaatgatataacatttgcagattatttttatcaatggtatgaagttaataaactaccacacgtatcagaatcaactaaaagacattatgaatctgcatacaagcatattaaagaccattttagacacaagttattaaaagatattaaacgtactgaataccaaaagtttctcaatgagtacggtttaacgcatagttatgaaacgattagaaagttaaatagttatatacgtaatgcattcgatgatgctatacatgaaggttatgttattaaaaaccctacatacaaagcagaattacacgcatctgttccagccaaaacagaagaaatgaagtttattaatgaatcagaattcaaaaaacttaaacattattttgaacaaaaaaataccacctcatcacttgtgctattagtagcacttacaacaggtggtagattttcagaaattgctaaattgaaacgtgaagatctggatattaaaaataataaaattcatttaagaggtaccaaaaccgaaacatcagacagaataataagtattgatacagtaactatgaaacgtattcaatcatttattgattcacgacctactaatatcagtggttacatctttactgttgatggtaaaacaataacaaatgctgctgtaaacaaagtactgagaaaagcatgtgctaatctaaatataaaagagataactattcactcgctaagacacagtttctgttctatactcatacatcatggcttttcaatactatatatatcaaaacatttaggacattccaacccagccacgacacaatccatttactcccacctacttcaagaaacttacgagcgtgaagatgaaaaagcaatgaaattattagaaactatttaa
sis1,atgaattgggagattaaagatgtaatgtgtgatattgaagtgataaaagaaaaaatcaatgatgtagctatcaaacatggttggtttgttgaagatagatttgtaaaaaatgaattagaaacaaaacgggaacatattaatttttctgctagctatttagaacatcgtatacaaaatgaacatacagttgagttattacatgtgtacttaaaagaattcggtgaacttatacaaaaatttcatgaaatagaaaaagcatcatctgagaactttggcgaggtatcagatgacgcacaaaaattaaaaatcacagagtaa
sis2,atgaattgggaaattaaagatttaatgtgtgacattgaagtgataaaacaaaaaattaatgatgtagctaccaaacatgcttggtttgttgaagatagatttgtaaaaaatgaattagaaacaaaacgggaacatattaatttttctgctagctatttagaacatcgtatacaaaatgaacatacagttgagttattacatgtgtacttaaaagaattcagtgaacttatacaaaaatttcatgaaatagaaaaagcgtcatcagagaactttgacgaggaatcagatgacgcaaagaattcaataaaagtagcagagtaa
sis3,atgaatcgggaaattaaagatttatttagcgatttaaagttgttgaaagatagttttgaggatttaaaggatagtaatggttggcattttgatgagctatatccatatgaaccaaatcatgtcttaaataaagatgaattaattggagagggattttcttatcatgagagacgtattcacaataatcaaatgtttgatttattccatctctatatagagcagttcgataatattatcgaaaagttttatgaaatagaaaaagcatcatctgagaactttggcgaggaatcagatgacgcaaagaattcaataaaagtagcagagtaa
sis4,atgaattgggaaattaaaaatttaatgtgtgatttaaagatattgaaagaaaagtttgaggatttaaaggataatcatggctcgcattttgaagatttatatctacatgagccaaatcataccttaaataaagacgatgctattaaagaaggattttcatatcatgagagacgtattcacaatgatcaaatgtttgatgcattagaaaaagcgtcatctttcgccgaccaaagccaagataacgcataa
sis5,atgaattttgaacaaagaaatattttatgtgatttagaaatagtaaaagaaaaaattgatgatgtaataacatctttcacatggtttgatgatgaatacctcactcatgaacctaatcatgtgctaaccaacaaagaaatatatatacgcacggatggaaatatcacgagcatcgtatcaaaaatacacaaacaattgacttaa
pri-rep1,atgattgatagtagaaccggtgttttaaatgctaatgattggaaaagtcaattaaggcgttctgccactacacaagcattgaaaaaaacgactacaaatgctgaaatcatattgtgtaatgatgagagtttaaaagggttagtacaatatgacgcttttgaaaaagtaaccaagctgaaacgtctaccgtattggaggtcaaaaggggatgcgaattattattgggctgatatagataccacacatgtgatttcacatattgataaattgtataatgtgcagtttagccgcgatcttattgatactgtaattgaaaaggaagcatatcaaaatagattccaccctattaaatcgatgattgaatctaaatcatgggatggaatcaaaagaattgaaacgctcttcattgattatttaggtgctgaagataatcactacaatcgagaagttacaaagaaatggatgatgggtgcagttgctagaatctatcagccaggtattaaatatgattccatgattattttatatggtggtcaaggtgttgggaaatctacggcagtgagtaaattgggaggtcattggtataaccaaagtattaaaacgtttaaaggtgatgaggtctataagaaattgcagggttcttggatatgtgaaattgaagaactgtcggcatttcaaaagtctactattgaagatattaagggttttataagtgccattgtagatatttatagagcttcgtatggtaaacgcacagagcgtcatcctagacagtgtgtgtttgtagggacaaccaataactatgagtttttaaaagaccaaacaggcaatcgtcgttttttccctattacgacagataaaaataaagcaactaaaagcccatttgacgatctaacaccagttgttgtgcaacaaatgtttgccgaagctagagtatattttgatgagaatccgacggataaagcattgttattagataaagaagcgagtgaaatggctttaaaagtccaagaagctcattctgaaaaagatgctttagttggagaaatagaagaatttcttgaacgtcctattccgtcagactattggtatagaacgttagaagaaaaaagagtgtctgcgcatgatgttatagaccaagactatattaaattatatggtgatggtaaattgattgaattaccgaatgcaaaaccaggtgcttatgtatggcgtgacaaggtatgtagcatggaaatttggaaagtgatgatgaaacgagatgaccaaccacaacaacaccatttaagaaaaattgataaagcgttaagaaatacaaattattgtggcactgtgaaaaagcaaacgcgatatggtgaaggtattggtaagcaatatggctttagtgtagatttagcttcttattataagaatcttaaagtttaa
pri-rep2,atggaaacaggtaaaagtgatgtacttgataaaattgaaaaaattaataaaaaagatagtgccttacaagaaattataccaaaaggttatgaaattgaacatcatcaatgcggtattgccttaaatcaacttataccaagtaaaaaagaaggcgagccagataaaaaggtttttatcacaagtacaatccctcaaatcactgaacgctttgaagatattgagagtaacgaagtcagctttaatatgcttttctatgacaataaaacgccagtaaatatagctgtgagtgccgaagaaatttcagatagtcgtcaactcttgaaattggttaataaaaagctggatgtaacatcgtcgacatctactaaacttgttgattatattaatgcatctaaacggtataatccaccattgaatgttaaagttgcaacgcgtttggggcatgtgaaaggttattttatttatccttatcaagaagttatgaaagacagcaatgtcaagttgtttagcaatgataaagggtttcaaaagttaatagactcttttcgaagtaaaggaacactacaaggttactctaaaaaggtgtttgctcaaataaaagatttaccaatggtaatggttatgttgtatgcatctttaggctcagttttattaagagaatttggattacaaccctttattgtagaaatatcaggtagtacatccacaggtaaaacattcacactcaacttagtatcaagtgtatggggaaccagtgaccttattacgacatggagttctactcaaaatagtattgaatcaatggcgtcatttttgaactcatttccaatgtttaaagatgatacgcgtaacacacatcctaagtttgttaccagtgccacatacaacttttctagtggtgaaagtaaatcgagaagtaatattaatttaacgctaaatgctaaaaaagaatggcgaaatattttaatttctactggtgaatcatctatcgcaaatatggctgatgaaaaagcgggtgtatcagcacgtgtagttacactacaagatccaccatatccagataattttgattttaccacattagacaaatcgtttagggagaactatggaacgttagggttggcatttattaaacaatatgagtctaaaaaagacgtgtataagaacgcttttgagagctatcaacggtattttaatcaaaaaggtagtaatgaaatcatgcaacgtttaggacgtgcctttgcgttactacaagttaccggtgaggttttgaatgatattgatgggtttgaacatgaccattttaaaattatcgaacaagcctatgacagcatggttaaaaacaataagacgattgataaacctaagcaactgttagaggaactattacaatatttagatgcgaatagaaataatatcgctggtgatggctatagttcagtcaaaaatggtgacatcaaagctatatataaacgtgattatttatgtatattaggtgaaacagtcaaagagaagttaacgcacgaattgcaaaccatcacaggacaatgggacaaaaaaggttatttaattaaaggtgaaaaagacaggttacaaaaacaggtcaaacatcaaacggtaaagtataggggatttgctataaagcaagaagtactaaaagaattgggatttgatttttccaattcatacaatcctaattctaattattga
pri-rep3,atggaaacaggtaaaagtgatgtacttgataaaattgaaaaaattaataaaaaagatagtgccttacaagaaattataccaaaaggttatgaaattgaacatcatcaatgcggtattgccttaaatcaacttataccaagtaaaaaagaaggcgagccagataaaaaggtttttatcacaagtacaatccctcaaatcactgaacgctttgaagatattgagagtaacgaagtcagctttaatatgcttttctatgacaataaaacgccagtaaatatagctgtgagtgccgaagaaatttcagatagtcgtcaactcttgaaattggttaataaaaagctggatgtaacatcgtcgacatctactaaacttgttgattatattaatgcatctaaacggtataatccaccattgaatgttaaagttgcaacgcgtttggggcatgtgaaaggttattttatttatccttatcaagaagtgatgaaagacagcaatatcaagttgtttagtaatgataaaggatttcaaaagttaatagactcttttcaaagcaaaggaacattagaaggttactctaaaaaagtgttcggtcaaataaaagatctaccaatggtaatggttatgttatatgcctctttaggttcggttttattaagagaatttggattacagccctttattgtagaaatatcaggtagtacatctacaggtaaaacattcacactcaacttagtatcaagtgtttggggaacgagcgaccttatcacgacatggagttctactcaaaatagtattgaatcgatggcatcatttttgaactcatttccaatgtttaaagatgatacacgtaatacacatcctaagtttgttaccagtgccacatataacttttctagtggtgaaagtaaatcaagaagtaatattaatttaacactaaacgctaaaaaagaatggcgaaatattttaatttctactggtgaatcatctatcgcaaatatggctgatgaaaaagcgggtgtatcagcacgtgtagttacactacaagatccaccatatccagataattttgattttaccacattagacaaatcgtttagggagaactatggaacgttagggttggcatttattaaacaatatgagtctaaaaaagacgtgtataagaacgcttttgagagctatcaacggtattttaatcaaaaaggtagtaatgaaatcatgcaacgtttaggacgtgcctttgcgttactacaagttaccggtgaggttttgaatgatattgatgggtttgaacatgaccattttaaaattatcgaacaagcctatgacagcatggttaaaaacaataagacgattgataaacctaagcaactgttagaggaactattacaatatttagatgcaaatagaaataatatcgctggtgatggctatagttcagtcaaaaatggtgacatcaaagctatatataaacgtgattatttatgtatattaggtcaaactgtacacgataaattaggtcatgaaatgcagactataacaggtcaatggggcaaaaaaggatatttaattaaaggtgaaaaagatcgcttgcaaaaaaaggtgagtcacaaaaacattaagtatagaggatttgctataaacaaagaaatgcttgaagaattaggatttgatttctcgaattctcataatccttattcagattattaa
pri-rep4,atgattgatagcagaaccggtgttttaaatgctaatgattggaaaagtcaattaaggcgttctgctactacacaagcattgaaaaaaacgactacaaatgctgaaatcatattgtgtaatgatgagagtttaaaagggctagtacaatatgacgcttttgaaaaagtaaccaaactgaaacgtctaccgtattggaggtcaaaaggagatacgaattattattgggctgatatagataccacacatgtgatttcacatattgataaattgtataatgtgcagtttagccgtgatcttattgatactgtaattgaaaaggaagcttatcaaaatagatttcaccctattaaatcgatgattgaatctaaatcatgggacggaatcaaaagaattgaaacgctcttcattgattatttaggtgctgaagataaccactataatagagaagttacaaaaaaatggatgatgggcgcagttgctagaatctatcagccaggtattaaatatgattccatgattattttatatggtggtcaaggtgttggaaaatctacggcagtgagtaaattgggaggtcattggtataaccaaagtattaaaacgtttaaaggtgatgaggtctataagaaattgcagggttcttggatatgtgaaattgaagaactgtcggcatttcaaaagtctactattgaagatattaaggggtttataagtgctattgtagatatttatagagcttcgtatggtaaacgaacagagcgtcatcctagacagtgtgtgtttgtagggacaaccaataactatgagtttttaaaagaccaaacaggcaatcgtcgttttttccctattacgacagataaaaataaagcaactaaaagcccgtttgacgatctaacaccagatgttgtgcaacaaatgtttgctgaagctaaagtatattttgatgaggatccgacggataaagcattgttattagataaagaagcgagtgagatggctttaaaagtccaagaagctcattctgaaaaagatgctttagttggagaaatagaagaattccttgaacgtcctattccgtcagactattggtatagaacgttagaagaaaaaagagtgtctgcgcatgatgttatagaccaagactatattaaattatatggtgatggtaaattgattgaattaccgaatacaaaaccaggtgcttatgtatggcgtgacaaggtatgtagcatggaaatttggaaagtgatgatgaaacgagatgaccaaccacaacaacaccatttaagaaaaattgataaagcgttaagaaatacaaattattgtgacactgtgaaaaagcaaacgcgatatggtgaaggtattggtaagcaatatggctttagtgtagatttagcttcttattataagaatcttaaagtttaa
pri-rep5,atggaattaaccaaagatgatattcttcacgaaattgagaaaactaagcaagaaaaagatgctattcaagaagttattcccaaaggttatgaaatagagcaacatcaaaatggtgtgtcactgtatcaaattattcctagtaaaaaagatggagaaccagataaaaagatattcattactaatacgattccccaaattactgaacgttttgaagatattgagagtaatgaagtaagttacaacatgcttttttatgataatcaaataccagtgaatctaggagtaagcgctgaagagatagctgatagtcgtcaattactgaagttggttaatagaaagtttgatgtaacttctaccacttcaactaggttggttgattatataaataaatctaaaaggtacaatccactagtaaacattaaagtagctactcgattaggtcatgttaaagggtactttatttctccttataaagaagaaatgaaaaatagaaatattaagttgtttaataatgacaaaggctttcaaaagttaattgattcttttcagagtaaaggaacactagaaagctattctgagcatgtattttcaaagattaaaggtttgccaatggttatggtcatgttatatgcatcattaggttccgtactattgcgtgaatttgaattgcagccttttattgtagaaatatcgggcagtacatctacgggaaagacgttcacgcttaatttagtttcaagtgtgtgggggacaagtaatcttattactacttggagttcaactaaaaatagtattgaggcaatggcatcattcttaaattcgtttccaatgtttaaagatgatacacgcaatacacatcctaaattcgtagctaatgcaacttacaatttctcgagtggtgaaagtaaatcaagaagtaatatcaatttaacacttaatgccaaaaaagaatggcgaaacatcttactttcaacaggtgaggcatctatttttaatacggcagatgaaaaagctggtgtttctgctcgtgtcgaaccgttccaggatcacccatacccagatatttttgatttcactccattagataaggcatttcgagataattatggaccgctaggaaaagttttcatcaaacaatacccatctaaacaagattcatataaaagtgcatttgaaagttatcaacgtttctttaatcaaaaagggagtaacgaaatcatgcaacgcttaggacatgcattcgggttgttacaggttagtggggaaatactaaatgacattgagggatttgagcacgatcattttaaaattattgaacaagcctatgacagtatggttagaaataataaaacgattgataaacctaagcaactgcttgaagaattacttcagtatttagatgcgaatagaaataatattgctggtgatggttatagtgaagttaaaaatggtgatatcaaagctatatataaacgtgattatttatgtatattaggacaaactgtacacgataaattaggtcacgaaatgcaaactattacaggacagtgggataaaaaaggctatttaataactagtaaagccagaattcaaaaagaagttaggtataactctcaaaagaatagaggatatgctattaaaaatgagattgtaaaagaattaggttttgatttttctaattcacataatccatacaattaa
pri-rep6,atgcgactcacatattgtgaaaagtctccaagtggtacaggattacattgtttctttaaaggtaaactaccagataaccgtaaaaagaaaagaacggatttagacatagagttatatgattcagcgaggtttatgactgttacaggatgcacaattggccaaaatgatatttgtgataatcaggaagtattaaatactctcgttgatgaatactttaaagagaatttgccagtaaatgatgttgtgagagaggaatctaataccaatatgcaattatctgatgaagatattataaacattatgatgaaatctaaacaaaaagataaaattaaagatctattacaaggcacatatgaatcatattttgagagttcaagtgaagcagtacaaagcttgttacactatttagcgttttacacaggtaaaaacaaacagcaaatggagcgtatatttttaaactacaataatcttacggataaatgggaaagtaaacgaggtaatacgacttggggacagcttgagttagataaagctataaagaatcaaaagacaatttatactaaatcgatagatgaatttaatgttataccacaggggagtaaagatgttaaacagttgttgaatcaattggggcatgaagaaagaacaaaaatggaagaaaattggattgaagaaggaaaacgagggcgaaagcctacaacaattagccctataaaatgtgcatatattttgaatgagcatttaacatttatactttttgatgatgaagaaaatactaagttagctatgtatcaatttgatgaagggatatatacacagaacactacaattataaaacgagtgatttcctatttagagcccaaacataatagtaataaagctgatgaagttatttatcatttaaccaatatggtagatataaaagagaaaactaactcaccatacttaataccagttaaaaatggtgtatttaaccgtaaaacgaagcaactagaatcatttacacctgattatatatttaccactaaaatatctactaagtataatccgaatgttgtcagacctaatttgaatggatgggattttgatcattggttatatgagattgcatgtgctgataaagaaatagtgactttattatgggaagtcataaatgactcaatgaatggtaactacactcgtaaaaaggctattttctttgttggtgatggaaataatggtaaagggacgtttcaagaattaatatcaaatttagtaggatataaaaatgttgctagcttaaaagtaaatgaatttgaccatgaatttaaattaagtgtactagaaggtaaagcagttgtaattggtgatgatgtaccggtaggcattaatattgaagattcatcaaactttaaaagtgttgtcacaggggattcggttttagttaatgtaaaaaataaacaaccttatagaaccgaatttcgttgtaccgttattcaatcaacaaatggcatgcctaagttcacagataaaacaggtgggacaaacagaagattattaattgttccattcaatgctgattttaatgattcaaatgaaaatgttgatattaaagaaaaatatcttaaagataatcatgtacttgaatatgtgttgtataaagcgattaatttagaatttgataggtttacaattcctcaagtatctaaaaaaatgctagaaatatacaaacaagataatgattcggtttatgatttcaaaattgaagaatttgatcaatggaatattcaaaaagtacctaagaaagttgtttattacaggtatagagcattctgtgaagaaaatggatatatgggaaaaatgtcagacagaacattttatagacgatttgagaagtacttaggaaaagaatggaatacggatgctaaatgtagatattcaagtatcgatgaattagaagaaattgtaggatatatcaatagaacattaatgccatttggacaacagcatagatcatataaaaatgaaaatttaaaaatagtgtga
pri-rep7,atggaaaatgatgaaagtttaaaagggttagtacaatacgattcctttgaaaaaattactaaactaaaacgtctaccatattggcgtaccaacgatgataataattattattgggctgatattgatacaactcatgtcatttctcatatagatagatattataatgtgcaatttagtcgtgagattatggatagtgtcattgaaaaagaagcttatcataataaatttcatcctattaagtcgatgattgaatctaaaacatgggacggcaataaacgaatagaaacattatttattgattatttaggtgcagaagataatcactataatcgtgaagtgactaaaaaatggatgatgggtgcggttgctagaatttatcatcctggtatcaaatacgattccatgattattttatatggcgggcaaggtgatggcaaatctacgacggtaagtaaattaggtggtcattggtataaccaaagtttaaaaacgtttaaaggtgatgagtcctataaaaaaatacaaggttcctggttgtgtgagatagaagagctcgcagcatttcaaaagtctactattgaagatattaaaagtttcattagtgcgattgtagatatttatagagcttcatacggtaaacgtattgagcgacatccacgccaatgtgtgtttataggtacgacaaataattatgaatttctaaaagaccaaacaggtaaccgtcgtttctttcctattacgacagataaaaataaagcaactaaaagtccgtttgacgatttaacgcaagacattgttcaacagatgttcgctgaagctaaagtttattttgatgatgatccaacggataaagcattgttattagataaagaagctagcgaaactgcattgaaagttcaagaagagcattctgaaaaagatgctttagtcggtgaaattgaagaatttcttgagcgtcctattccatctgactattggtacagaacattagaagaaaaaagaatatctgttcacgatgttatagaccaagattacattaaattatatggtgacggtaaattaattgagttaccaaatacaaaaccaggtgcttatgtatggcgtgacaaagtatgtagtatggaaatttggaaagtgatgatgaaacgagatgaccaaccacaacaacatcatttaagaaagattgataaagcattaagaaatacaagatattgtgggcaaagtaagtcgcgttatagattcggtgaaggtataggtagacaatatggttttcaaagtgatttgtcctcttattatcgagatttaaaaaatgaaaataacaataaagggacaacgggacagtaa
pri-rep8,atggctataaaaaccaaagattcaataatagatgtgaatgaattggaaataccgaatgaacttaaacaattgaatcaatgggtgctgtggcgtgctgaatggaacgaaagccgtcaagaatacaaaaaagtaccttatcaagtaaatggtgtaaaagctagctcaacgaataaagatacttggagtaactttcaagatgtttattcactttatgatagtagtaatggttacgatggtataggttttatattaagcaaagaaagtaaacatatttgtcttgatatagataacgctgtagatgctgaaacacatcaattacaaacagaattaggacttgaaatgacagaactcacatactgtgaattaagtccaagtggtacaggtttacattgctttttcaaaggtacattaccagaaaacaggaaaagtaagcgtactgatttagatatagagctgtatcatactagtagatttatgacatttactggttacactatcggaggttcagaaattagcgacgatcaaggcgtgattgataatttagtagaacgattctttaaagcagaacctaaaaagcaaaatataagaattgctaaaactggtagcagtatttttacagatgatgaaattgtaagaatgatgactaaaaaaagtaaatataaaaaattgcttgctggtgagtatgaaggtatttttgatagccctagtgaagctgtgcaaagcttgttaagagtattggcattttatactggtagagataaatcgcaaatggaaagtatctttttaacttacaataatcttactgataaatgggatgaaaagcgtggaaattcaacttggggtaataatgaactagatacagctatagctaatcaagaaacaatttatgagcctaattcgagaggaacagggcaatcgcttagatatacaatatcactaattcgcaaagaagaattggcgtttatgaaggcagaatttgagaaggcgaaagaaaatggtgaagcatcaggcagaccaccacaaacgattagctcaaacagatgcgccgtattacttaatgatgtaataaaatttgtgatatttgatatggaagaaaacacaaagttagcaatgtatcaaagtgataaaggtatttatacacaaaatactgcgattattaaacgtattatttcttggttagaacctagacacaatgagaaaaaagcattagaagtcatctatcatttaactaatatggtagacgtggtagacaaaactaatgaaccacatttaataccagtcaataatggtgtatttaacagaaaaagtatgaaattagaatcttttacgccgaagtatatatttactactaagatttcaactaattatattgacaatcctaaaacaccagtaattaatggttggagttttgataactggttagaagaagtggcatgtggtgatagagaagtattcacattattatggcaagttattaatgattcattaaatggaaattatacacgtaaaaaagcgatattcctagttggtgatggaaataatgctaaaggtagctaccaaacgctgcttactaacttaattggctttgataatgttgcaagccttaaagttaatgagtttgaccaagagtttaaattaggcgtgctagaaggtaaaacacttgtcattggtgatgatgtaccagtaggtgtgaatattgaagatagctcaaatttcaacagtgttattacaggtgatccagtgcttgtaaatataaagaataaacagccatatcgaactgttttcagaactactgtgattcagtcaactaatggcatgcctagatttaaaaataaaacaggtggaacaaacagacgacttttaatagtaccgtttaatgcagattttaacggtgcaaaagaaaacccaaatatcaaagaaaaatatcttaccgataaaaaggtactcgaatatgtacttcataaagctataaatttaaatttcaataagtttattgttcctagagcatcagctaaattgttagaagaatatattcaagacaatgatccagtatatgattttaaagtcacagagtttgataaatggaaaattgataaagtacctaaagcagttgtttattttagatacaaagttttctgtgaacgtggtggctatagagcactttctgaaaggaaattctgtaaaagttttgaacgttatcttgataaatcttggaaggttgaaagacctagatattattcagttaatgatttacaagcaaaggtgggtcatttcgaacctacacttttaccacacggagaacaaaaaatttcctatgtgaacacaattttaaaagtagtgtaa
terS1,atgagtgagttaacggcaaaacaagcgcgttttgtgaatgagtatataagaacacttaatgtaacacaaagtgccataaaagcaggctatagcgcaaatagtgcacatgtgacaggatgtaggttattaaagaagccacacatcaagcaatatatacaagaacaaaaagataaggttatagatgagaatgtattaaccgcaaaagagttactacatgtgcttacgaatgcggcagtcggtgatgaaacagaaacgaaagaagttgtggtcaaacgtggagaatataaagagaatccacaaagtggcaaagtacagttagtctataacgaacatgttgaactggtagaggtgccaattaagccaagtgatcgtttaaaagctcgtgatatgttgggtaaataccataagttatttacagataagcatgatattaacgggaatgtgcctatattcattaatattggtgaatgggatggcgatgatgaagatttagataagacggtacaagaggtatctaacgctaatcctaatcatactgtgattgtggatgatataccgttagaggattga
terS2,atgagtgagttaacggcaaaacaagcgcgttttgtgaatgagtatataagaacacttaatgtaacacaaagtgccataaaagcaggttatagcgcaaatagtgcacatgtgacagggtgtaggttattgaagaagccacacatcaagcaatatatacaagaacaaaaagataagattatagatgagaatgtattaaccgcaaaagagttactacatgtgcttacaaatgcggcagtcggtgatgaaacagaaacgaaagaagttgtagtaaagcgtggagaatataaagagaatccacaaagtggcaaagtacaattagtctataatgaacatgttgaactgatagaggtaccaattaagccaagtgatcgtttaaaagctcgtgatatgttggggaaataccataagttatttacagataagcatgatattaacgggaatgtgcctatattcattaatattggtgaatgggacggagatgatgaggaactagacaaaactgtaaaagaggtatctaatgctaatcctagtcatactgtgattgtggatgatattccgttagaggattaa
terS3,atgacaaatttaacgccaaaacaagaacgttttgtaaatgaatatattagaacattaaacgttacacaaagcgctataacagctggctattcgcctaaaacggcacacgttacaggatgtcgtctattaaagaagaaacatattaatgattacatccaagagcaaaagaaaaaagttatagatgaaggtgtattaagcgctaacgagttattgcatttattaactaattcagctattggtgatgaaactgaaactaaggaagttgtagtcaaacgtggtgaatacaaggaaaatccacaaaatggtaaagtacaacttgtttacaatgaatatgttcagttagtagaagtccctattaagccaagtgatcgtttgaaagctcgtgatatgcttggaaaataccataaattatttactgagagaaaagagtttacaggtgatacgccagtaattgttaatattggcgaatggagtgagggcgatgaagaagatacacaaagagagctagataaaataaaagaaaattatcctaatagaacaatgattgttgataatataccgttagaggattga
terS4,atgagtgagttaacggcaaaacaagcgcgttttgtgaatgagtatataagaacacttaatgtaacacaaagtgccataaaagcaggctatagcgcaaatagtgcacatgtgacaggatgtaggttattaaagaagccacacatcaagcaatatatacaagaacaaaaagataagattatagatgagaatgtattaaccgcaaaagagttactacatgtgcttacgaatgcggcagtcggtgatgagacagaaacgaaagaagttgtagtcaagcgaggggaatataaagagaatccacaaagtggcaaagtacagctagtctataacgaacatgttgaactgatagaggtaccaataaaacctagtgatcgtttaaaagctcgtgatatgttgggtaaataccataagttatttacagataagcatgatattaacgggaatgtgcctatattcattaatattggtgaatgggatggcgatgatgaagatttagataagacggtacaagaggtatctaacgctaatcctaatcatactgtgattgtggatgatataccgttagaggattga
terS5,atggacaaattaacgccaaaacaagagcgttttgcgaatgagtatattaagacactcaatgttactcaaagcgctataaaggcaggatatagccccaatagtgcacatgtaacaggtagtcgattactacgtaaagataaagtagacgaatacattaaaagtaagaaagacgagattatggacgatactattttatcagccaaagagttactgtatttattaactcaagcagcaataggtgacgagacggaaactaaagaagctgtagtaaagaaaggtacttttgaacaaaacccagacacaggacggatgaacctcgtatataacgaacacgtggaaacagtagatgtacctatcaagcctagtgatcgcatgaaagctcgtgatttgcttggtcgttaccatagcttatttactgagaaagtagacttaaatgtagcaacaccagtattcattgataatataagcgaagatgatgagaattag
ppi1,atggaaagtatcgcagaaaaagagacgtatcatttacccaccgaacacctgcaagttttcaatgtgataaaaaatacgtccaataaatatattactaaaactaaaatcttaaatcaattgggatatgaatataattcaagcaatgaacgatggttacgaagagtaatcaattcattagtatatgattatggctatcctatcggatgcagttataaacctagtgaacgtggttattacatcattacgacagaacaagaaaagcaacaagcgatgagaagtattaagaaattagctgatggcagtatgaaacgctatgaagctttgaaacgaattgaagtgtaa
ppi2,atgcaaagtatcgcagaaaaagagacgtatcatttacccaccgaacacctgcaagttttcaatgtgataaaaaatacgtccaataagtatattactaaaactaaaatcttaaatcaattgggatatgaatataattcaagcaatgaacgatggttacgaagagtaatcaattcattagtatatgattatggctatcctatcggatgcagttataaacctagtgaacgtggttattacatcattacgacagaacaagaaaagcaacaagcgatgagaagtattaagaaattagctgatggcagtatgaaacgctatgaagctttgaaacgaattaaagtgtaa
ppi3,atggaaaaagagcaacttaaacagtatatgtacgattatgtaaaagaacataaggagattcctatttatcagttagaagatttatttaaagagttagatcatgactataaaggtaaaacgagtgtgacacatgatcaggataaaaatatcgttttttggagtggttggaataagctcacaatgtatgcgttgattgatttagttaagggagaacaccttgatctaatttatagaggaagctatgtcatgcgctatttgttagatggtagagtgccaaatttaccattagccattacttacccagaatatggtcaacaaactgaagtaccttcatgggtaccgatgttactgagagtggctaaataa
ppi4,atgcaaagtatcgcagaaaaagagacgtatcatttacccaccgaacacctgcaagttttcaatgtgataaaaaatacgtccaataagtatattactaaaactaaaatcttaaatcaattgggatatgaatataattcaagcaatgaacgatggttacgaagagtaatcaattcattagtatatgattatggctatcctatcgggtgcagttataaacctagtgaacgtggttattacatcattatgacagaacaagaaaagcaacaagcgatgagaagtattaagaaattagctgatggcagtatgaaacgctatgaagctttgaaacgaattaaagtgtaa
int8,atgaccggaatcaaaattatgagcagagcacttaacaaactgagcgatacacagctgaggaaaatcaacggcacacccgcccaaaaaacagcctttcttaatgacggtggaaacctgagcgtcaggcattcaaccagcggccttttaacctggtatttcacctacagggccggaacgggaaggggagcacgaccggaacggattaagctgggaaattatcctgatctgagtctgaaagctgccagggaaaaagcggcacagtgtcgcgcttggcttgctgaggggaaaaatccacgtcatgagatgaattacaccgtacagaaagcgttaaagcccgtaacggttggcgatgcgcttacctactggcttgagtcttacgtaaaggaaaaccgcgtggattatgccgccctgaaaaagcgccttaataatcacgtaatacagcacattggtgctatgccgctggataaatgcgagctacggcactggctggcctgttttgaccaggtggcaaagcgaacgcctgttactgccggattcttgctacagacgtgcaaacaggcgcttaagttctgccggaggcggcgctatgcaatcagcaacgttcttgatgatatgagtgtggcggacgttgggaaaaaaccggatataagcgagcgtgtcttaagcaccaaagaacttggcgaattattgcaggcactggacaaaaaaatattttccccttactacgtcgcactaatccgcctcctgattgttttcggatgccggacggtagaactgaggttatcggagatcagcgagtgggattttaccgaaatgctctggaccgtgccgaaagaacacagcaaaacgaaggtggcaatattccggcccataccggaagcaatactgccgttcgtcacgcagctggtggagcagaacaggcacacgggcttattgctgggggaagtgaaacaggaaacaagcgtgtcgcagtacggcagattagcgcacaggaggctaaaacaccctcactggtcactgcatgacatccggcgcacctttacaacgatgctgaacgatttaggcgtggatcctcacgtcgtggagcagcttacaggtcatcagatgccagggatgcaacgagtctataaccattcccgttatctggatgcgaaacgtgacgcgctggatatgtggacggagcggttagggatactggcgggaacacatgaaaacgtaaccacattgccaatagccagagaaatataa
int9,atgaacaaactgagcgataccttgctaaggaaacttcatggtaagccagcggagaaaaacacgttttatagtgatggcggaaacctgagcgtgaaatatttaacatcagggaaattgacctggtatttcacatacagggccggaacgggaagggagacacgacccgaacgcattaagctgggaagttatcctgatctgagcctgaaatcagccagggaaaaagccgcccagtgtcgcgcatggctggcagaggggaaaaatccacgtcatgagcttaattacaccgtacaggaagcgttaaagccggtaacggttggcgatgcgctcacctactggcttgagtattacgtaaaggaaaaccgcgtggattatatcgccctgaaaaggcgacttaataatcacgtaatacagcagattggtgctatgccgctggataaatgcgagctacggcactggctggcctgttttgaccaggtggcaaagcgaacgcctgttactgccggattcgtgctacaggcgtgcaaacaggcgcttaagttctgccgtaggcggcgctatgcaatcagcaacgttctggacgatctgaacgtggcggacgttgggaaaaaaccggatataagcgaacgtgtcttaagtaacaaagaacttggcgaattattgcaggcactggacaaaaaaatattctccccttactacgtcgcgttaatccgcctcctgattgtcttcggagccagaacggtagaactgaggttatcggagatcggggagtgggattttacggaaatgctatggaccgttccgaaggagcacagcaaaacgaaggtcgcaatattccggcccataccggaagcgatcctgccgttcgtcacgcagctggtggagcagaacaggcacacgggcttattgctgggggaagtgaaacaggaggccagcgtatcgcagtatggaagattagcgcacaggaggcttaatcatcctcactggtcactgcatgacatccggcgcacctttacaaccatgctgaacgatttaggcgttgatccgcatgtcgtggagcagcttacaggccaccagatgccaggaatgcagcgagtttataatcattcccgttatctggatgctaaacgcaatgcgctggatatgtggacggagcggttagggatactggcgggaacacatgaaaacgtaaccacgctaccagtagccagaagaaaataa
int10,atggcgagaaaaacacacccattaaccacagtgcagatcaaagcagccagaccagcgcaaaaggagtacaccctgcaggacggcggagggctttttctcctggtcaaaccgtctggatcaaaactctggagattttcctactaccgaccatcggacaaaaaaagaatattgctgagttttggatcgcttgaagatgtttccctggctgatgccagaaaacgccgtagcgagtacaggacgttaatcagtgccggaactgacccgcaggaccacgagaggcaaaaaagagagacagaggcccgaagacaagggaacacgttcgaaaatgtggcggcggcatggtaccaggtgaaaatcagccagaatctggcccccaacacgattaaagacatctggcgttcgctggataaatatgtattcccgttcatcggcaacacgccaatagataccctcaccgcccgaaggttcgttgaagtgcttacacccatcaaggagcgcggcaacctggaaacactcaagcgggttttacagcgcgttaatgaggtaatggattacgccgccaacagtgggctgattgatgccaatccggctatgaatgtgcgtaaggcgtttccctcacctgtaaaaaaacatatgccaacaatccgccccgaacagctgccggagcttatgcaggctttatcagtatcggcaacagaacggcagaccagattactgattgaatggcagttactgaccgtaacccgtcccgccgaagcgtcatcaacgcggtgggatgaaatcaacctggacgcgaagcaatggacgatacctgccggacgcatgaagatgcgcagggatcacgttatcccgctttccggtcaggctatggcggtgctggaggccatgaaaccaatcagccaccaccgcaattacgttttcccaagtctgaaagacccacagcagccgatgaacagccagacagctaacgcagcattgcggcgtatgggattcgctggcgtgctggtgtctcatggattacgcgccatattcagcacagcagcgaacgaggaaggattcgagccggacgtaatagaggcggcacttgcccacgtcgacaccaacgaagttagacgggcatacaaccggagcaactacatagaaaaacgcatcgtgctgatgcgctggtggggcgaatttgtcgaggctgcggcgacgggcgtaaccctcgccagtggtaaaaggggtatccgagccgtgtag
int11,atgagcagcgcaattcatagacttagcgacactcttttacgaaaattaagcggatcaccaaccacaaaaaacgccttttttaatgacggtggcaatcttagcgtaagacattccaccagcggcctgttaacctggtatttcacttacagggccggaactggtaggcaggtatcaccggaacgtctgagactgggcaattatcccgatctgagcctgaaagcagccagggaaaaagcagcacagtgtcgcgcctggctggctgaggggaaaaatccgcgctatgagcttaatcgtgctgtacaggatgcgttagcccccgtgacagttaaggaagcgctcacttactggcttgaatcgtatgcaaaggaaaagcgcactgactacgaatcactgaaaagccggatcaataaacacataatcagccagattggcgctttgccgttggaaaaatgcgagctacggcactggttggcatgttttgaccagatggcaaagcgaagcccagtatctgccggatttttgctacaggtatgcaaacaggcgcttaagtactgccgaaaacgacgatacgcaatcagcaacgttcttgatgatatggttgtcggtgatgtgggaaaaaaagcagaagtgagcgagcgcgtactaacaaataaggagcttggggaattactccgcgccctggatgacaaaatattcccgccatactacagcgccctaattcgcctcctgattgtttttggatgccgtaccactgagctaaggcgctctgaggtgcaggagtgggattttaaagaaatgctctggacagtaccgaaggagcacagcaaaacgaaggtcgccatattcaggccaataccggaaagcattttgccgttcgtcacgcaactggtggagcagaacagacacacaggcttattgcttggtgaactgaaaggacaatcttcggtagcagagtacggaagaacagcgcacagacgaattaatcaagccccctggacgttacacgatatccggcacacatttacaaccatactgaacgatttaggcgtggatccgcatattgtcgagcagcttacagcccaccagatgccagggatgcaacgagtctataaccactcccgctaccttgatgcaaaacgtgatgctcttaatctatgggtagaccgtctcgagcttctccagaacaatgatgaaaaaatcgttgttatgaccccgcgaatttacccccaaaattcttga
int12,gtgatgaccggattcaaaattatgagcagagcacttaacaaactgagcgatacacagctaagaaaaatcaacggcacaccagccccaaaaaccacatttcttaatgacggtggaaacctgagcgtcaggcattccaccagcggcttgttaacctggtatttcacctacagggcaggagctggacgccaggtatcaccggaacgcctgaagctgggaaattatcctgatctgagcctgaaagcagccagggaaaaagcggcacagtgtcgcgcatggctggcagaaggaaaaaatccacgccatgagcttaattactccatacaggaagcactaaagccggtaacggtgggtgatgcgatcagctactggctggaaatgcacgtaaaggaaaaccgtgtcgattacgtatgcctgaaaagccgcctgaataatcacgtcatacagcatattggcaatatgccactggataaatgcgagttacgtcactggctggcctgttttgaccggatacgcaaaaaatcccctgtaacgtctggtcacatgatgcaggcgtgtaaacaggcgcttaagttctgccgtaaacgtcgctacgcagtcagtaacgttctggatgatcttaacgtggtggacgttggcaaaaaaccaggcataagcgaacgcgtgctgagcaacaaagaacttggcgaattattacaggcgctggataaaaaaatattcccgccctactacagcgcactaatccgcctcctgattgtgttcggctgccgaaccggagaactgagattatcggagatcagggagtgggattttaaggaaatgctctggacagtaccgaaagagcacagcaaaacgaaggtcgccatattcaggccaataccggaaagcattttaccgttcgtcacgcagctggtggagcagaacagacacacagggctattactcggggaactgaaacaggaagccagtgtgtcgcaatacggcagattcatgcacaaaaaattaaaccatccgcactggtcactacacgatatacggcgcacgtttaccacgatgctgaacgatttaggcgtggatccgcatattgtcgaacaactcaccgctcaccagatgccagggatgcagcgagtctataaccactcccgttatctcgatgcgaaacgtaatgcgctggacatgtggacagagcggttagagatactggcaggcactcacgaaaacgtaaccacactgccaatagccagagaaatataa
int13,atgattagcgtgtacataaaggtgtacataatgccatttatgtacatcgctttatgtacacacctctattcaatgtttagggatgccttaatgccaaaacttacagatattcagatccgtgcctggataaaggcagacgagaggtttgacggcaaagctgacggtaacggcctgtatctctgctatcccaaaaattacacaatgcccttctggcgattccgctataagtttgctggcaaacaacgggcgatggttatcgggtcatatgcagagttatcactatccagagccagagaaacagcaaaggaactatccgctcgcgtcgcacttgggtacgacgtagcagcggagaaacaggagcgtaaagccgaagcactggcaaaaatggaggcagaaaaaaacgccatacgagtatcagagcttgctgccgaatatttcgaacgtcagatactgccacgatggaaacatcccgacatcctgcgccgtcgcatcgacaaagacataaacccgcgtattggtcatatgaaggctgaggacgtaaaaccacgacacattgacgagatgctaaaggcaattgttgaccgtggagcgccaaccattgcaacggacgttctgcgatggacgcgccgcatattcgactacgggataaaacgtcatgtgctggagattaacccgtgctcggcgtttgaagtctctgatgctggtggcaaggagtcatcccgcgatcgctggctgacccgtgaagagttaatccggttctttcaggccatgcgtaccgcaaagggattcagccgacagaacgagctaaccttcaagttgctactggcgctttgcgtcaggaagatggagttgtgcgccgccagatgggaagagttcgaccttgataacgccgtgtggcatttgccagaggaacgcagcaaaaacggcgaccccatagatattccacttgttccccccgttattgaatggctgaaagaactgcgcgtcttgtcatgcaatagcgcgtgggtacttccggcgcggaaaatgcagcacaggatgatcccccacattcaggagagcaccctacccgttgcactggcaaaggtccgcgcagagatgccggaggttccagatttcactattcacgacttccgacgtacagcacgcacacatttagccgcgcttggcgttgatccggtagtcgctgaaagatgcctcaatcaccgcatcaagggagtcgagggcatatacaatcgctatcagtatttcgatgaacggacttcggcgctggcgaaatggaccaatctgttagtgtcgctggaacgcggggaacgctacaacgtgacaccaatcagaagggccaaagcatga
int14,atggctggcgaacttaacaaactgagcgacaggaagttaaagggattacatggcatcccggccagtaagattgagttttatgctgatggtgccgggttgagcgctaaggtaacgaaagctggtggcattagctgggtgtttacttaccgactcgacgggcagaagctgcatcggctgactctggggcgctaccctgatatgagtctcaaagaggcccgttcctcgcgtgataaatgtcgtcagtggctggcctctggtaaagacccaaagcaccagttggcgctaactactcaggaaacgcttaaaccggtcacggtgcaggaagctatcgaatactggatacgcgaatatgcggaagaaaaccgtgcgaacgttgagcggcataaagcggagctgcgcaaacacatttacccttatattgggaaaatggcgctcgctgactgcgaaacccgttactggcttgactgctttgacaggatgaaaaagaaaacgccggttgctgctggttatgtattccagatgtgtaagcaggctctgaaattctgccgcgttcgccgttacgccgtcagtaccgcccttgaagatttgagtattcccgatgttggtaaaaagcaggcgaaaaaagatcgtgtactgaaagataaagaggttgggggattgtgggctgctatatcgtccggcgatgtttttctgccttactacacaaacttgctcaggatcactactttgtttggttgccgcacccaggaggccagattgtcagagtgggccgaatgggatatggaggcgtgggtgtggacagtaccaaaagcgcatagtaaaggtggtgaaaagattgtgcgtccagttcctgaggcgatgcgttcatttattgaaatgctccacgatgaaacaaaatcatccggttaccttcttggggttgtgaagaatagcgaagcggttagccagtggggccgtagtgtttataaaaaactggggcattctgaaccctggacattgcatgatctacggcgaacgcttgcaacgcatatgaataatatgggtatcgctccgcacgttgttgaacagttgctgggccactcaatgccgggagttatggcgatttataaccgtagtctgtacttgccggagaaactggacgcgctgaacaagtggtatgaccgcttagagcttcttgcgggtaatcatcaaaatgtggttctgttacctgtagcgaatagagattaa
int15,atggctggcacaaacaaactgagcgacaaaaagctaaaagcattgctgggttctgagcgtgaagcgccgatcatgattgccgatggtgaggggctaagcgttaaggtctcgaagcaaggtaacgttagctgggtattttcataccggttgggaggaaggggtagcaaactcgaacgtttaacgcttggccgttaccctgatatgccgctaaaacttgcgcgagaaaagcgggaacagtgtcgccagtggctggctggtgggcttgatccgaaaactgagattgagctgagcacagaagaaacgcttaagcctgtaacggttaaagacgccctggaatattggttggtgaattacgccaggagaaagcgcagtgatgaggcgttggtgagggcgcagctacgcaagcatatttacccgcgccttggtcgttatccgatcaccagatgtgaaacccgccattgggtggcctgttttgacgaaataaaccagactaaacccatgaccgccggccgcatgttccagatttctaaacaggcgttacgtttctgcaaggttcgccgttatgctgccagtgatgctctggcctttctcaccattcaggatgtaggccagccatctggtcaacgtgatcgcgtattgtcagatagcgagctggctgatgtgtggcgctgtacagatagcgatgatcagcagccgtattattcacgtctgctcaaaatgctggtgctttttggtgcgcgaacgatggaagttcgcctttctcgatggtcagagtgggattttacatcgtggatttggactgtaccgaaagagcatagcaaaacccgagagaaaatcgtgaggtcgatacctgaagctatacgcccgtggctggaagagttaaagcgcgagacagggaaaacaggtttgttactgggcgaagatcgtacccgtcaggctgtatcattgaaagggcgcaggctttttaaagattttcaccataacgagccgtggacacttcacgatctgcgtcggacgttttctacggggctaaacaatatgggtatagcaccgcatatagtcgagctgctgttgggccatgccttgccgggagttatggcgatttataaccgtagtctttacttaccggagaagctggacgcgctgaacaagtggtatgaccgcttagaacttctcgcgggtaatcactctaatatcgttattttaaaggctggtgaaaaatga
int16,gtgggaaaagcactaaacaaactgagcgattcgacgttaaaaaaattggcggctgtccaggcagaaaaagagcgtttttactccgacgggggcgggctggagattaaacactcaaagggcggcaaattaacctggtatttccggtaccgaacgggaggccgtgaggttgccgcagagcggttaaagctgggggcttaccctgaattgtcgctgaaagccgcaagggaaaaacgcacactgtgccgggcatggctggctgagggtaaaaacccccgttatgagttgtgcgccacagtacaggaagcactaaaacccgttacggtgaaggaagcgattaactactggctggaggaatacgcgaaggataaccgcaaagattacataaagctggtgcagcgtatggataagcacatcatttgccatattggggcaattccccttgataagtgtgatacaaggcagtggatcgcatgttttgaccgcgtacgaaaaaaagcaccagtagcagcgggccatgtcatgcagacatgcaaacaggcgctaaagttttgccgcaggcggcgctacgcgtttagcaacgccctggacgatttgatcgttactgatgtgggtaagagagcagaaatccgcgagagagtgcacagcaacagcgaactaaaagaaattctacgcgctattgatggtgatgtgttcgctccctattacagtgcgttaatgcgcttgttaattgtgttcgggtgcagaacggcagagatcagactttcagagatcaaagaatgggacctgaaagaaatgttgtggacagtgccaaaagagcacagcaaaacgaaggtaacaatattccgacctattcctgatggtattttgccgttcattcagaagctggtggagcaaaacgcacacactgggttattactcggcgaactgaaaaaagataccacggtggcgcaatatggacgaaatgcgcataagcggcttaagcaggaacactggacgctgcatgatttccgacacacgtttacaactatgctgaatgatttaggtgtcgatccgcatatcgtggagcacatcacagcgcatcagatgccaggtcagcaaaaaacctataaccattcacgctatttgcaggcgaaacgggacgcactgaatctatgggttgagcgtcttgatatgattgcaggatataatgaaaatattgtgatattgagagggatacaatga
int17,atgaccggattcaaaattatgagcagagcacttaacaaactgagcgatacacagctaagaaaaatcaacggcacaccagccccaaaaaccacatttcttaatgacggtggaaacctgagcgtcaggcattccaccagcggcttattaacctggtatttcacctacagagcaggagctggacgccaggtatcaccggaacgcctgaagctgggaaattatcctgatctgagcctgaaagcagccagggaaaaagcggcacagtgtcgcgcatggctggcagaaggaaaaaatccacgccatgagcttaattactccatacaggaagcactaaagccggtaacggtgggtgatgcgatcagctactggctggaaatgcacgtaaaggaaaaccgtgtcgattacgtatgcctgaaaagccgcctgaataatcacgtcatacagcatattggcaatatgccactggataaatgcgagttacgtcactggctggcctgttttgaccggatacgcaaaaaatcccctgtaacgtctggtcacatgatgcaggcgtgtaaacaggcgcttaagttctgccgtaaacgtcgctacgcagtcagtaacgttctggatgatcttaacgtggtggacgttggcaaaaaaccaggcataagcgaacgcgtgctgagcaacaaagaacttggcgaattattacaggcgctggataaaaaaatattcccgccctactacagcgcactaatccgcctcctgattgtgttcggctgccgaaccggagaactgagattatcggagatcagggagtgggattttaaggaaatgctctggacagtaccgaaagagcacagcaaaacgaaggtcgccatattcaggccaataccggaaagcattttaccgttcgtcacgcagctggtggagcagaacagacacacagggctattactcggggaactgaaacaggaagccagtgtgtcgcaatacggcagattcatgcacaaaaaattaaaccatccgcactggtcactacacgatatacggcgcacgtttaccacgatgctgaacgatttaggcgtggatccgcatattgtcgaacaactcaccgctcaccagatgccagggatgcagcgagtctataaccactcccgttatctcgatgcgaaacgtaatgcgctggacatgtggacagagcggttagagatactggcgggtactcacaaaaacgtaaccacactgccaatagccagagaaatataa
alpA1,gtgttaagcacagatcgctttatacgtgaaaaagaatgtcagcaacttacaggcctgagccgctcatgtcggtaccgcctggaaaaagccggacaattcccatcacggcgtaagctgggcggtcgttccgttggctggtctttatccgaagttctggcatggaaggacagctgcgaggcagttcactaa
alpA2,gtgttaagcactgatcggtttatacgtgaaaaagaatgcgaaaaactaaccggccttagccgtacgtgtcgctaccgcctggaaaaggccggacaattcccatcacgtcgtaaacttggcggtcgttccgttggctggtctttatccgaggttctggcctggaaggatagctgcaaggcagttcattaa
alpA3,atggaagcaatcagaaaaattatctttcgccaggaagtaaaaaaaattatccacatcaaggcagacagcacgctgcaaagcatgatcaacgccggagaatttccgcagggttttcgcgttggtttacgccgtcgcggatggtatgaggatgatgtgttggcctggcagaaagaacgcgaacaggaagcacgcggaacggctgcttaa
alpA4,atgcgtgaaataaatgaagatcgcgtaatccgtgaggatgaatgtcgtaagttaactggagtgtgtcgcactacacgctacgaactggagaaaaaagggagctttccgtctcgccgtaatcttggtgggcgttctgtaggttggctgctgtccgaggttatggaatgggttaaaagccgggatcgcattaattcaggtaaggcagcgtaa
alpA5,gtgttaagcacagatcgctttatacgtgaaaaagaatgtcagcaacttacaggcctgagccgctcatgtcggtatcgcctggagaagactggacaattcccatcacggcgtaaactcggtggtcgttccgttggctggtctttatccgaagttctggcatggaaggacagccgcgaggcagttcactaa
alpA6,atgaatcaaaatacacaatttcaatcactatcagatcgcgtaatccgtgaggatgaatgccgtaagttaacaggagtgtgccgcactacacgctacgaactggagaaaaaagggaatttcccgtcacgccgtaatctgggtggtcgttcagtaggttggctgctttccgaggttatggaatgggttaaaagccgggatcgtattaattcaggtaaggcagcgtag
alpA7,gtgttaagcacagatcgctttatacgtgaaaaagaatgtcagcaacttacaggcctgagccgttcatgtcggtaccgcctggaaaaaaccggacaattcccatcacggcgtaagctcggcggtcgttccgttggctggtctttatccgaagttctggcatggaaggaaagctgcgaggcagttcactaa
pri-rep9,atgaaactggcaccgaacgtaaaacagcagtcacgcggcataaaacacaaagaaacagaagtcattatttttgcgggtagtgatgcctggtcacacgcaaaacaatggcaggaacatgacgcgcgtatggccggagataatgagcctcctgtgtggcttggggagcagcagttatccgaactggataagctgcaaattgtgccggaaggcagaaaatccgtgcgcatattcagggccggatatcttgcgccagtaatgataaaggcgattggtcagaagctggcggcggcaggcgtacaggatgcaaatttttaccctgatggtatgcacggtcagaaggtggagaactggcgcgaatatctggcccgtgagcgccagaatctttctgatggtctggtcattgagcttccggtaaagcaaaaggcgcaactttcgcagatggcggacagtgagcgcgcgcagctgcttgccgatcgctttgatggcgtttgcgtacatcctgaaagtgaaatcgttcacgtatggcgcggcggggtatggtgtccggtcagcacaatggagctgagccgcgaaatggtggcgatctattcagagcacagggccactttcagcaagcgcgtaatcaataacgccgtggaagcgttaaaagttattgccgaaccaatgggcgagccgtccggcgatttgctgccgttcgccaatggtgcgcttgacctgaaaacgggggaattttccccgcacacgccggagaactggatcaccacgcacaacggcattgagtacacgccaccagcacccggggagaacatccgcgataacgcgccaaactttcataaatggcttgagcacgcagccggaaaagacccgcgcaagatgatgcgtatatgtgccgcgctgtacatgattatggcgaaccggtacgactggcagatgtttattgaggccaccggagacggcgggagcggtaaaagtacattcacacacatagccagccttctggcagggaaacaaaacacggtaagcgctgaaatgacatcgcttgatgatgctggtgggcgtgcgcaggttgtcgggagtcgtcttatcgtcctggcagaccagccgaaatatacaggcgaaggaacgggcatcaagaaaatcacgggcggcgaccccgtggaaattaacccgaaatatgaaaagcgttttacggcggtaatcagggcggtggtgctggcaaccaataacaatccgatgatattcaccgaacgggccggaggtgtggcacgtcgtcgggtgatattccggttcgataacatcgtaagcgaggcagaaaaagacagggagctaccggaaaagatcgcggctgaaatccctgtcattatccgccgcttgctggcgaactttgccgaccctgaaaaggcacgggctttactcattgaacagcgtgacggtgatgaagcactggcaataaagcaacagacggatccggttattgagttttgccagttcctgaattttctggaggaagcacgcggcctgatgatgggcggcggtggcgattcagtgaagtacacgaccagaaacagcctttaccgcgtctatctggcgtttatggcgtacgcaggcaggagcaaaccgctaaacgtaaatgactttggcaaggctatgaagccagccgcgaaagtttacggacatgaatatattacgcggaaagttaaaggagtaacgcagactaacgcaataacaacagacgattgcgacgcgtttttataa
pri-rep10,atgaaaagcgcaccgaacttaaaaaaacagccttacgacaagatgaccgaagtcattatttttgcgggtagtgatgcctgggcacatgcgaaacagtggcaggaacaggacgggcgactggctggcgataatgtgcctcccgttgtgctggctgatgatcaactggatgaactggcagacctgagaatcatcgacgaggggcgctattgtgtccggctgtacaaggcaggccacatcaggccatcaaatattaatgccattgcgcacaagctggcggcggcgggtgtaactgatgcgaattattaccccgaagggatgcacagccatatgcgggagaactggcgcgaatacctggaacgggtgcgcgggaaagagccggcggaagaaaaaaaacaccagcgaaaaaccacgctaccgatgagcgttggatctaccggatacgacacgcaactggattacgtggttaaggggattattccggcggtatcgctatgcagcatatacggggctagcgggtcctataaatcattccttgctggatcgtgggcgtgccatgttgccactggtcgccagtggggaggccgcagggttgcacatggtgcggttctctatgtggttggtgaaggcggtataggtgttccgcgtcgtgtaaaagcctgggaggttgtgcacgatgagcaggtgaaaaatctgtatctggtaaaccgccccatctttccggctgccccgcttgatgttgatgaaatggttatcgctgcccgtcaggtggagcgggaaacgggtaaacctgtacgcatgattattctggatacgctggcgcgttgctttggtgggaatgatgaaaatgattcccgtgatatgggggcgtttatccgtggttgtgacgaactgaaacgacgcacaggggccacggtgctggtggttcaccattccggcaaggatgagacgaaaggcgcgcgcggttccagtgcatttcgtgcttcgctggatgctgaataccggatacgcagggaggacgcaggaagcgaagcgctggttatctcatgcaccaaaatgaaggacgcggaggaactcaaagaagccgcatatgacttacgcgtggtggagctttttaccgacgctgacggtgaattaatcacgtcgctggtggtggtggatgatccgcgccctcctgttgaactggagcgcatcgaggaggcagggaacaagacggaaaaccataccgcgctatgggggtgcatccgttcacgcacacagaacggcgacaagtgcacgatcccgctgttacgtgatgacatgaaaaagctggggtatgaaatgaaaaacttccggcgctggctgtacaagctggaaaaagatggggttattcgtatcgatggggatgatgtagcgccgctataa
pri-rep11,atgaaactggcaccgaacgtaaaacagcagtcacgcggcataaaacacaaaggaacagaagtcattatttttgcgggtagtgatgcctgggcacacgcgaaacaatggcaggaacatgatgcgcgtatggccggagataatgagcctcctgtgtggcttggggagcagcagttatcagaactggataagctgcaaattgtgccggaaggcagaaaatccgtgcgcatattcagggccggatatcttgcgccagtaatgataaaggcgattggtcagaagctggcggcggcaggcgtacaggatgcaaatttttaccctgatggtatgcacggtcagaaggtggagaactggcgcgaatatctggcccgtgagcgccagaatctttctgatggtctggtcattgagcttccggtaaagcaaaaggcgcaactttcgcagatggcggacagtgagcgcgcgcagctgcttgccgatcgctttgatggcgtttgcgtacatcctgaaagtgaaatcgttcacgtatggcgcggcggggtatggtgtccggtcagcacaatggaacttagccgcgaaatggtggcgatctattcagagcacagggccactttcagcaagcgcgtaatcaataacgccgtggaagcgttaaaagttattgccgaaccaatgggcgagccgtccggcgatttgctgccgttcgccaatggtgcgcttgacctgaaaacgggggaattttccccgcacacgccggagaactggatcaccacgcacaacggcattgagtacacgccaccagcaccaggggagaacatccgcgataacgcgccaaactttcataaatggcttgagcacgcagccggaaaagacccgcgcaagatgatgcgtatatgtgccgcgctgtacatgattatggcgaaccggtacgactggcagatgtttattgaggccaccggagacggcgggagcggtaaaagtacattcacacacatagccagccttctggcagggaaacaaaacacggtaagcgctgaaatgacatcgcttgatgatgctggtgggcgtgcgcaggttgtcgggagtcgtcttatcgtcctggcagaccagccgaaatatacaggcgaaggaacgggcatcaagaaaatcacgggcggcgaccccgtggaaattaacccgaaatatgaaaagcgttttacggcggtaatcagggcggtggtgctggcaaccaataacaatccgatgatattcaccgaacgggccggaggtgtggcacgtcgtcgggtgatattccggttcgataacatcgtaagcgaggcagaaaaagacagggagctaccggaaaagatcgcggctgaaatccctgtcattatccgccgcttgctggcgaactttgccgaccctgaaaaggcacgggctttactcattgaacagcgtgacggtgatgaagcactggcaataaagcaacagacggatccggttattgagttttgccagttcctgaattttctggaggaagcacgcggcctgatgatgggcggcggtggcgattcagtgaagtacacgaccagaaacagcctttaccgcgtctatctggcgtttatggcgtacgcaggcaggagcaaaccgctaaacgtaaatgactttggcaaggctatgaagccagccgcgaaagtttacggacatgaatatattacgcggaaagttaaaggagtaacgcagactaacgcaataacaacagacgattgcgacgcgtttttataa
pri-rep12,atgaaactggcaccgaacgtaaaaaaacagccacgcggaataaaacacaaagacacagaggtaattattttcgcgggtagtgatgcctggtcgcacgcgaaacaatggcaggagcaggatggccccgcatccggcgataatgtgccgcctgtgtggcttgggccaaatcagcttgccgaacttgatgcactgaaaattgttccggatgggaaaaagcgcgtaaggctgtaccaggccggagaactggatttggtggagaccaaaaagattggtcagaagctggcggcggcagatattcaggacgcaaatttttaccccgaaggaatgcacgtccagaagtgtgaaaactggcggcgctatctgaatgctgagcgtgaaaatattgccgcagggcttaccatgccggagcagaaaaatacgcaactggcacaaatggcagacagtgagcgtgcgcagctgcttgccgagcgctttgatggcgtttgtgtgcatcctgaaagtgaaatcgttcacgtatggcgcggcggggtatggtgtccggtcagcacaatggagctgagccgcgaaatggtggcgatctattcagagcacagggccactttcagcaagcgcgtaatcaataacgccgtggaagcgttaaaagttattgccgaaccaatgggcgagccgtccggcgatttgctgccgttcgccaatggtgcgcttgacctgaaaacgggggaattttccccgcacacgccggagaactggatcaccacgcacaacggcattgagtacacgccaccagcacccggggagaacatccgcgataacgcgccaaactttcataaatggcttgagcacgcagccggaaaagacccgcgcaagatgatgcgtatatgtgccgcgctgtacatgattatggcgaaccggtacgactggcagatgtttattgaggccaccggagacggcgggagcggtaaaagtacattcacacacatagccagccttctggcagggaaacaaaacacggtaagcgctgaaatgacatcgcttgatgatgctggtgggcgtgcgcaggttgtcgggagtcgtcttatcgtcctggcagaccagccgaaatatacaggcgaaggaacgggcatcaagaaaatcacgggcggcgaccccgtggaaattaacccgaaatatgaaaagcgttttacggcggtaatcagggcggtggtgctggcaaccaataacaatccgatgatattcaccgaacgggccggaggtgtggcacgtcgtcgggtgatattccggttcgataacatcgtaagcgaggcagaaaaagacagggagctaccggaaaagatcgcggctgaaatccctgtcattatccgccgcttgctggcgaactttgccgaccctgaaaaggcacgggctttactcattgaacagcgtgacggtgatgaagcactggcaataaagcaacagacggatccggttattgagttttgccagttcctgaattttctggaggaagcacgcggcctgatgatgggcggcggtggcgattcagtgaagtacacgaccagaaacagcctttaccgcgtctatctggcgtttatggcgtacgcaggcaggagcaaaccgctaaacgtaaatgactttggcaaggctatgaagccagccgcgaaagtttacggacatgaatatattacgcggaaagttaaaggagtaacgcagactaacgcaataacaacagacgattgcgacgcgtttttataa
pri-rep13,atgaaactggcaccgaacttaaaaaaacagccacacgacaaaatgaccgaagtcattatttttgcgggtagtgatgcctgggcgcacgcgaaacaatggcaggaacaggacgggcgacttgctggcgacaacgtgccacccgtatggcttggagacagccagcttgacgaactggcagacctgaaaatcatcgacgatggtcgctattgtgtccggctgtacaaggcaggccacatcaagccgtcaaatattaatgctatcgggcaaaagctggcggcggcaggtgtacgggatgcgaattattaccctgatggaatgcacagccagaagctggagaactggcacgactacctgcaacggatccgcgaacaggcagagcgcggggaaatacttactgacgagcaatacagccagcgaaaaaccacgctaccaatgagcattggatctgcagggtacgacacacagcttgattatgtcgttaagggcgtgattccggctaattcattgtgcagcacatacggcgcgagcggttcctataaatcgttcctcgcgtgttcctgggcgtgtcatgttgccactggccgtcactggggaggccgcagggtggcgcatggttcggtgatgtatgttgtcggtgaaggtggcattggtgtcccccgccgtatcaaggcatgggaaatcgttaatgatgaacgggtggaaaatctgtacctggtaaaccgcccgatttttccggcagtcccgcttgatgttgatgaaatggtcatcgcttcccgccaggttgaacgggaaacgggtaaaccggtacgcatgattattcttgatacgctggcgcgttgctttggcggtaatgatgaaaatgacgcgcgggatatgggggcgtttatccgtggatgtgacgaactgaaacgccgcacaggggccacggtgctggtggttcaccattccggcaaggatgaaacaaagggggcgcgtggttccagtgcatttcgtgcatctctggacgctgaataccgtattcgccgtgaaggtgcagacagtgaagccctggttatctcctgcaccaaaatgaaggacgcggaggaactgaaagaggctgcatacgatttacgtgtggtggagctttttaccgacgctgacaaggagttaatcacgtcgctggtggttgtggataaaccgcgcccacccgttgaactggagcgcatcgaggaagccgggaacaagacggagaatcatgccgcgctatggggctgtatccgttcacgcacacagcgcggcgataaatgcacaattccgttgttgcgcgatgatatgaaaaagctggggtatgagatgaaacacttccggcgctggctgtacaagctggaaggtgatggcgttattgctattgacggtgatgacgtgcgcccactgtaa
pri-rep14,atgaaactggcaccgaacttaaaaaaacagccacacgacaaaatgaccgaagtcattatttttgcgggtagtgatgcctgggcgcacgcgaaacaatggcaggaacaggacgggcgacttgctggcgacaacgtgccacccgtatggcttggagacagccagcttgacgaactggcagacctgaaaatcatcgacgatggtcgctattgtgtccggctgtacaaggcaggccacatcaagccgtcaaatattaatgctatcgggcaaaagctggcggcggcaggtgtacgggatgcgaattattaccctgatggaatgcacagccagaagctggagaactggcacgactacctgcaacggatccgcgaacaggcagagcgcggggaaatacttactgacgagcaatacagccagcgaaaaaccacgctaccaatgagcattggatctgcagggtacgacacacagcttgattatgtcgttaagggcgtgattccggctaattcattgtgcagcacatacggcgcgagcggttcctataaatcgttcctcgcgtgttcctgggcgtgtcatgttgccactggccgtcactggggaggccgcagggtggcgcatggttcggtgatgtatgttgtcggtgaaggtggcattggtgtcccccgccgtatcaaggcatgggaaatcgttaatgatgaacgggtggaaaatctgtacctggtaaaccgcccgatttttccggcagtcccgcttgatgttgatgaaatggtcatcgcttcccgccaggttgaacgggaaacgggtaaaccggtacgcatgattattcttgatacgctggcgcgttgctttggcggtaatgatgaaaatgacgcgcgggatatgggggcgtttatccgtggatgtgacgaactgaaacgccgcacaggggccacggtgctggtggttcaccattccggcaaggatgaaacaaagggggcgcgtggttccagtgcatttcgtgcatctctggacgctgaataccgtattcgccgtgaaggtgcagacagtgaagccctggttatctcctgcaccaaaatgaaggacgcggaggaactgaaagaggctgcatacgatttacgtgtggtggagctttttaccgacgctgacaaggagttaatcacgtcgctggtggttgtggataaaccgcgcccacccgttgaactggagcgcatcgaggaagccgggaacaagacggagaatcatgccgcgctatggggctgtatccgttcacgcacacagcgcggcgataaatgcacaattccgttgttgcgcgatgatatgaaaaagctggggtatgagatgaaacacttccggcgctggctgtacaagctggaaggtgatggcgttattgctattgacggtgatgacgtgcgcccactgtaa
pri-rep15,atgaaactggcaccgaacttaaaaaaacagccacacgacaaaatgaccgaagtcattatttttgcgggtagtgatgcctgggcgcacgcgaaacagtggcaggaacaggacgggcgacttgctggtgataacgtcccgcctgtatggctgggagacagccagcttgacgaactggcagacctgaaaattatcgacgatggtcgctattgtgtccggctgtacaaggcaggccacatcaagccgtcaaatattaatgctatcgggcaaaagctggcggcggcaggtgtacgggatgcgaattattaccctgatggaatgcacagccagaagctggagaactggcacgactacctgcaacggatccgcgaacaggcagagcgcggggaaatacttactgacgagcaatacagccagcgaaaaaccacgctaccaatgagcattggatctgcagggtacgacacacagcttgattatgtcgttaagggcgtgattccggctaattcattgtgcagcacatacggcgcgagcggttcctataaatcgttcctcgcgtgttcctgggcgtgtcatgttgccactggccgtcactggggaggccgcagggtggcgcatggttcggtgatgtatgttgtcggtgaaggtggcattggtgtcccccgccgtatcaaggcatgggaaatcgttaatgatgaacgggtggaaaatctgtacctggtaaaccgcccgatttttccggcagtcccgcttgatgttgatgaaatggtcatcgcttcccgccaggttgaacgggaaacgggtaaaccggtacgcatgattattcttgatacgctggcgcgttgctttggcggtaatgatgaaaatgacgcgcgggatatgggggcgtttatccgtggatgtgacgaactgaaacgccgcacaggggccacggtgctggtggttcaccattccggcaaggatgaaacaaagggggcgcgtggttccagtgcatttcgtgcatctctggacgctgaataccgtattcgccgtgaaggtgcagacagtgaagccctggttatctcctgcacaaaaatgaaggacgcggaggaactgaaagaggccgcatacgatttacgtgtggtggagctttttaccgacactgacggggagttaatcacgtcgctggttgttgtggataagccgcgcccacccgttgaactggagcgcatcgaggaagccgggaacaagacggagaatcatgccgcgctatggggctgtatccgttcacgcacacagcgcggagataaatgcactattccgttgttgcgcgatgatatgaaaaagctggggtatgagatgaaacacttccggcgctggctgtacaagctggaaggtgatggcgttattgctattgacggtgatgacgtgcgcccactgtaa
rpp1,atgccgtatcttaatgcggatcgcggaaagtctggcggttatcacatcgggcatacattgctttggtcttcaggtaaaagccgtcttgaggccatcagatatcacgtagaaaccagtgcgctggaaaaaattatgtttgccaggctgctttcatctgagcgtgacgagtactccagtgaagaaacagaacatcgatttgatgaaggtttgcagatttacggctattcaccggaagatgtgagcaaggcacgaaataaaatggctggctttctggctgggtggcgtcatgccgtaagcgttcgccgtgccagcatggagcaatcagccgatacagaacagtaa
rpp2,atgccgtatcttaatgcggatcgcggaaagtctggcggttatcacatcgggcatacattgctttggtcttcaggtaaaagccgtcttgagaccatcagatatcacgtagaaaccagtgcgctggaaaaaattatgtttgccaggctgctttcatctgagcgtgacgagtactccagtgaagaaacagaacatcgatttgatgaaggtttgcagatttacggctattcaccggaagatgtgagcaaggcacgaaataaaatggctggctttctggctgggtggcgtcatgccataagcgttcgccgtgccagcatggagcaatcagccgatacagaacagtaa
rpp3,atgactggcgaacttcatccgcttgattgcattatgcattcgcgtgaaatcatgttgagtatggttggtgaagaagaagacaaacaagagtacgaaaaaaaatttaataaaggtctggaaatttacggttattcaccggacgagatcgcacaggctaggggcagagcgcagggaattgagatcgggcgagaactgacattaaaacgccttaaaaaacacacaaatgaaaacaaaaagaagcgtaaattaatcaggcaaaacgacacctga
terS6,atgaaatcgcacctgatgaacaaaaaaaacatggcgaaaagctgccgtgtaagtgcgacagcgttcgacaagtggggagtgactcccgttgaacgtaaaggccgtgaggcgttttacgatgttgccagcgtgatagacaatagggttaacaatgcaattagccagcttacaaacgacaaaggcgatattgatgatgatgaactcttacgagtcaggatcagattactgacagcacaggcggaggcgcaggaacttaaaaacgagcgcgatcgcggtgacgtgattgatactgagttttgcctgtacgcgctttcaaagctggcgagtcagatttcatcaatcatggacagcctcccgcttactatgcaaaggagcttcccacagattacccccgccatgctggataggcttaaaagggaagtggttaaagcctgtaatgccagtgccagagttgccgacaacctcccacagatactggctgattacttgaaagaaacaaccggaaacgtaccggaaaagttgctacagaagaaaggcgagtaa
terS7,atgaaatcgcacctgatgaacaaaaaaaacatggcgaaaagctgccgtgtaagtgcgacagcgttcgacaagtggggagtgactcccgttgaacgtaaaggccgtgaggcgttttacgatgttgccagcgtgatagacaatagggttaacaatgcaattagccagcttacaaacgacaaaggcgatattgatgatgatgaactcttacgagtcaggatcagattactgacagcacaggcggaggcgcaggaacttaaaaacgagcgcgatcgcggtgacgtgattgatactgagttttgcctgtacgcgctttcaaagctggcgagtcagatttcatcaatcatggacagcctcccgcttactatgcaaaggagcttcccacagattacccccgccatgctggataggcttaaaagggaagtggttaaagcctgtaatgccagtgccagagttgccgacaacctcccacagatactggctgattacttgaaagaaacaaccggaaacgtaccggaaaagttgctacagaagaaaggcgagtaa
terS8,atgaaatcgcacctgatgaacaaaaaaactatggcgcaaagctgccgcgtaagtgcgacagcgttcgacaagtggggagtaactcccgttgagcgtaaaggccgtgaggcgttttatgatgttgctagcgtgatagacaatagggttaacaatgcaattaaccagcttacaaacgacaaaggcgagattgatgatgatgaacttttacgcgtaagaatcagattgctgacagcacaggcggaagcgcaggaacttaaaaacgagcgcgaacgcggcgaggtgattgatacaaagttttgcatctacgcgatttcaaaactagcgagtcagatttcatcaatcatggacagcctcccgctcacaatgcaaaggcgctttcccgatataaggccgtatatgctggatgaactaaaaagggaaatagccaaagcatgtaacgcatgtgcaagacttgacgaaaacctgccacagatactggctgattacctgatggaaactaccggaagcgcgcctgagaagttgctacagaacaaaggcgagtaa